repo,scanner,dimension,rule_id,severity,package_name,package_version,package_type,fixed_versions,description,source_file,line
Flowise,grype,dependencies,GHSA-4r4m-qw57-chr8,Medium,vite,4.5.2,npm,4.5.11,Vite has a `server.fs.deny` bypassed for `inline` and `raw` with `?import` query,,
Flowise,grype,dependencies,GHSA-4r4m-qw57-chr8,Medium,vite,5.1.6,npm,5.4.16,Vite has a `server.fs.deny` bypassed for `inline` and `raw` with `?import` query,,
Flowise,grype,dependencies,GHSA-x574-m823-4x7w,Medium,vite,4.5.2,npm,4.5.10,Vite bypasses server.fs.deny when using ?raw??,,
Flowise,grype,dependencies,GHSA-x574-m823-4x7w,Medium,vite,5.1.6,npm,5.4.15,Vite bypasses server.fs.deny when using ?raw??,,
Flowise,grype,dependencies,GHSA-72xf-g2v4-qvf3,Medium,tough-cookie,2.5.0,npm,4.1.3,tough-cookie Prototype Pollution vulnerability,,
Flowise,grype,dependencies,GHSA-xcj6-pq6g-qj4x,Medium,vite,4.5.2,npm,4.5.12,Vite allows server.fs.deny to be bypassed with .svg or relative paths,,
Flowise,grype,dependencies,GHSA-xcj6-pq6g-qj4x,Medium,vite,5.1.6,npm,5.4.17,Vite allows server.fs.deny to be bypassed with .svg or relative paths,,
Flowise,grype,dependencies,GHSA-4vvj-4cpr-p986,Medium,webpack,5.90.3,npm,5.94.0,Webpack's AutoPublicPathRuntimeModule has a DOM Clobbering Gadget that leads to XSS,,
Flowise,grype,dependencies,GHSA-4w7w-66w2-5vf9,Medium,vite,4.5.2,npm,6.4.2,Vite Vulnerable to Path Traversal in Optimized Deps `.map` Handling,,
Flowise,grype,dependencies,GHSA-4w7w-66w2-5vf9,Medium,vite,5.1.6,npm,6.4.2,Vite Vulnerable to Path Traversal in Optimized Deps `.map` Handling,,
Flowise,grype,dependencies,GHSA-859w-5945-r5v3,Medium,vite,4.5.2,npm,4.5.14,Vite's server.fs.deny bypassed with /. for files under project root,,
Flowise,grype,dependencies,GHSA-859w-5945-r5v3,Medium,vite,5.1.6,npm,5.4.19,Vite's server.fs.deny bypassed with /. for files under project root,,
Flowise,grype,dependencies,GHSA-g4jq-h2w9-997c,Low,vite,4.5.2,npm,5.4.20,Vite middleware may serve files starting with the same name with the public directory,,
Flowise,grype,dependencies,GHSA-g4jq-h2w9-997c,Low,vite,5.1.6,npm,5.4.20,Vite middleware may serve files starting with the same name with the public directory,,
Flowise,grype,dependencies,GHSA-f5x3-32g6-xq36,Medium,tar,6.2.0,npm,6.2.1,Denial of service while parsing a tar file due to lack of folders count validation,,
Flowise,grype,dependencies,GHSA-c76h-2ccp-4975,Medium,undici,5.28.4,npm,5.28.5,Use of Insufficiently Random Values in undici,,
Flowise,grype,dependencies,GHSA-mw96-cpmx-2vgc,High,rollup,4.45.0,npm,4.59.0,Rollup 4 has Arbitrary File Write via Path Traversal,,
Flowise,grype,dependencies,GHSA-p8p7-x288-28g6,Medium,request,2.88.2,npm,,Server-Side Request Forgery in Request,,
Flowise,grype,dependencies,GHSA-cm22-4g7w-348p,Low,serve-static,1.15.0,npm,1.16.0,serve-static vulnerable to template injection that can lead to XSS,,
Flowise,grype,dependencies,GHSA-64fm-8hw2-v72w,Medium,katex,0.16.9,npm,0.16.10,KaTeX's maxExpand bypassed by `\edef`,,
Flowise,grype,dependencies,GHSA-g5hg-p3ph-g8qg,High,multer,1.4.5-lts.1,npm,2.0.1,Multer vulnerable to Denial of Service via unhandled exception,,
Flowise,grype,dependencies,GHSA-4v9v-hfq4-rm2v,Medium,webpack-dev-server,4.15.1,npm,5.2.1,webpack-dev-server users' source code may be stolen when they access a malicious web site,,
Flowise,grype,dependencies,GHSA-8266-84wp-wv5c,Medium,svelte,4.2.18,npm,4.2.19,Svelte has a potential mXSS vulnerability due to improper HTML escaping,,
Flowise,grype,dependencies,GHSA-wf6x-7x77-mvgw,High,immutable,4.3.5,npm,4.3.8,Immutable is vulnerable to Prototype Pollution,,
Flowise,grype,dependencies,GHSA-hj76-42vx-jwp4,High,seroval,1.3.2,npm,1.4.1,seroval Affected by Prototype Pollution via JSON Deserialization,,
Flowise,grype,dependencies,GHSA-v9p9-hfj2-hcw8,High,undici,5.28.4,npm,6.24.0,Undici has Unhandled Exception in WebSocket Client Due to Invalid server_max_window_bits Validation,,
Flowise,grype,dependencies,GHSA-v9p9-hfj2-hcw8,High,undici,6.23.0,npm,6.24.0,Undici has Unhandled Exception in WebSocket Client Due to Invalid server_max_window_bits Validation,,
Flowise,grype,dependencies,GHSA-2w6w-674q-4c4q,Critical,handlebars,4.7.8,npm,4.7.9,Handlebars.js has JavaScript Injection via AST Type Confusion,,
Flowise,grype,dependencies,GHSA-rmjr-87wv-gf87,Medium,mammoth,1.7.0,npm,1.11.0,Mammoth is vulnerable to Directory Traversal,,
Flowise,grype,dependencies,GHSA-rmjr-87wv-gf87,Medium,mammoth,1.7.2,npm,1.11.0,Mammoth is vulnerable to Directory Traversal,,
Flowise,grype,dependencies,GHSA-g3ch-rx76-35fx,Medium,vue-template-compiler,2.7.16,npm,,vue-template-compiler vulnerable to client-side Cross-Site Scripting (XSS),,
Flowise,grype,dependencies,GHSA-776f-qx25-q3cc,Medium,xml2js,0.2.8,npm,0.5.0,xml2js is vulnerable to prototype pollution,,
Flowise,grype,dependencies,GHSA-64vr-g452-qvp3,Medium,vite,4.5.2,npm,4.5.4,Vite DOM Clobbering gadget found in vite bundled scripts that leads to XSS,,
Flowise,grype,dependencies,GHSA-64vr-g452-qvp3,Medium,vite,5.1.6,npm,5.1.8,Vite DOM Clobbering gadget found in vite bundled scripts that leads to XSS,,
Flowise,grype,dependencies,GHSA-44fp-w29j-9vj5,High,multer,1.4.5-lts.1,npm,2.0.0,Multer vulnerable to Denial of Service via memory leaks from unclosed streams,,
Flowise,grype,dependencies,GHSA-5rq4-664w-9x2c,Critical,basic-ftp,5.0.5,npm,5.2.0,Basic FTP has Path Traversal Vulnerability in its downloadToDir() method,,
Flowise,grype,dependencies,GHSA-8jhw-289h-jh2g,Medium,vite,4.5.2,npm,4.5.3,Vite's `server.fs.deny` did not deny requests for patterns with directories.,,
Flowise,grype,dependencies,GHSA-8jhw-289h-jh2g,Medium,vite,5.1.6,npm,5.1.7,Vite's `server.fs.deny` did not deny requests for patterns with directories.,,
Flowise,grype,dependencies,GHSA-7fh5-64p2-3v2j,Medium,postcss,7.0.39,npm,8.4.31,PostCSS line return parsing error,,
Flowise,grype,dependencies,GHSA-554w-wpv2-vw27,High,node-forge,1.3.1,npm,1.3.2,node-forge has ASN.1 Unbounded Recursion,,
Flowise,grype,dependencies,GHSA-f269-vfmq-vjvj,High,undici,6.23.0,npm,6.24.0,Undici: Malicious WebSocket 64-bit length overflows parser and crashes the client,,
Flowise,grype,dependencies,GHSA-cvr6-37gx-v8wc,Medium,katex,0.16.9,npm,0.16.10,KaTeX's maxExpand bypassed by Unicode sub/superscripts,,
Flowise,grype,dependencies,GHSA-356w-63v5-8wf4,Medium,vite,4.5.2,npm,4.5.13,Vite has an `server.fs.deny` bypass with an invalid `request-target`,,
Flowise,grype,dependencies,GHSA-356w-63v5-8wf4,Medium,vite,5.1.6,npm,5.4.18,Vite has an `server.fs.deny` bypass with an invalid `request-target`,,
Flowise,grype,dependencies,GHSA-4www-5p9h-95mh,Medium,http-proxy-middleware,3.0.3,npm,3.0.4,"http-proxy-middleware can call writeBody twice because ""else if"" is not used",,
Flowise,grype,dependencies,GHSA-87r5-mp6g-5w5j,High,jsonpath,1.1.1,npm,1.3.0,jsonpath has Arbitrary Code Injection via Unsafe Evaluation of JSON Path Expressions,,
Flowise,grype,dependencies,GHSA-rv95-896h-c2vc,Medium,express,4.18.3,npm,4.19.2,Express.js Open Redirect in malformed URLs,,
Flowise,grype,dependencies,GHSA-jc85-fpwf-qm7x,High,expr-eval,2.0.2,npm,,expr-eval does not restrict functions passed to the evaluate function,,
Flowise,grype,dependencies,GHSA-gmq8-994r-jv83,Medium,yauzl,3.2.0,npm,3.2.1,yauzl contains an off-by-one error,,
Flowise,grype,dependencies,GHSA-9jgg-88mc-972h,Medium,webpack-dev-server,4.15.1,npm,5.2.1,webpack-dev-server users' source code may be stolen when they access a malicious web site with non-Chromium based browser,,
Flowise,grype,dependencies,GHSA-x7hr-w5r2-h6wg,Medium,prismjs,1.29.0,npm,1.30.0,PrismJS DOM Clobbering vulnerability,,
Flowise,grype,dependencies,GHSA-vghf-hv5q-vc2g,High,validator,13.12.0,npm,13.15.22,Validator is Vulnerable to Incomplete Filtering of One or More Instances of Special Elements,,
Flowise,grype,dependencies,GHSA-3rxj-6cgf-8cfw,High,seroval,1.3.2,npm,1.4.1,seroval Affected by Remote Code Execution via JSON Deserialization,,
Flowise,grype,dependencies,GHSA-952p-6rrq-rcjv,Medium,micromatch,3.1.10,npm,4.0.8,Regular Expression Denial of Service (ReDoS) in micromatch,,
Flowise,grype,dependencies,GHSA-952p-6rrq-rcjv,Medium,micromatch,4.0.5,npm,4.0.8,Regular Expression Denial of Service (ReDoS) in micromatch,,
Flowise,grype,dependencies,GHSA-pxg6-pf52-xh8x,Low,cookie,0.4.1,npm,0.7.0,"cookie accepts cookie name, path, and domain with out of bounds characters",,
Flowise,grype,dependencies,GHSA-pxg6-pf52-xh8x,Low,cookie,0.5.0,npm,0.7.0,"cookie accepts cookie name, path, and domain with out of bounds characters",,
Flowise,grype,dependencies,GHSA-xpqw-6gx7-v673,High,svgo,2.8.0,npm,2.8.1,SVGO DoS through entity expansion in DOCTYPE (Billion Laughs),,
Flowise,grype,dependencies,GHSA-m6fv-jmcg-4jfg,Low,send,0.18.0,npm,0.19.0,send vulnerable to template injection that can lead to XSS,,
Flowise,grype,dependencies,GHSA-vg6x-rcgg-rjx6,Medium,vite,4.5.2,npm,4.5.6,Websites were able to send any requests to the development server and read the response in vite,,
Flowise,grype,dependencies,GHSA-vg6x-rcgg-rjx6,Medium,vite,5.1.6,npm,5.4.12,Websites were able to send any requests to the development server and read the response in vite,,
Flowise,grype,dependencies,GHSA-5528-5vmv-3xc2,High,multer,1.4.5-lts.1,npm,2.1.1,Multer Vulnerable to Denial of Service via Uncontrolled Recursion,,
Flowise,grype,dependencies,GHSA-5528-5vmv-3xc2,High,multer,2.0.2,npm,2.1.1,Multer Vulnerable to Denial of Service via Uncontrolled Recursion,,
Flowise,grype,dependencies,GHSA-4fh9-h7wg-q85m,Medium,mdast-util-to-hast,13.1.0,npm,13.2.1,mdast-util-to-hast has unsanitized class attribute,,
Flowise,grype,dependencies,GHSA-5gfm-wpxj-wjgq,High,node-forge,1.3.1,npm,1.3.2,node-forge has an Interpretation Conflict vulnerability via its ASN.1 Validator Desynchronization,,
Flowise,grype,dependencies,GHSA-mwcw-c2x4-8c55,Medium,nanoid,3.3.6,npm,3.3.8,Predictable results in nanoid generation when given non-integer values,,
Flowise,grype,dependencies,GHSA-mwcw-c2x4-8c55,Medium,nanoid,3.3.7,npm,3.3.8,Predictable results in nanoid generation when given non-integer values,,
Flowise,grype,dependencies,GHSA-mwcw-c2x4-8c55,Medium,nanoid,5.0.7,npm,5.0.9,Predictable results in nanoid generation when given non-integer values,,
Flowise,grype,dependencies,GHSA-37qj-frw5-hhjh,High,fast-xml-parser,5.2.5,npm,5.3.4,fast-xml-parser has RangeError DoS Numeric Entities Bug,,
Flowise,grype,dependencies,GHSA-xq3m-2v4x-88gg,Critical,protobufjs,7.4.0,npm,7.5.5,Arbitrary code execution in protobufjs,,
Flowise,grype,dependencies,GHSA-968p-4wvh-cqc8,Medium,@babel/helpers,7.24.0,npm,7.26.10,Babel has inefficient RegExp complexity in generated code with .replace when transpiling named capturing groups,,
Flowise,grype,dependencies,GHSA-968p-4wvh-cqc8,Medium,@babel/runtime,7.24.0,npm,7.26.10,Babel has inefficient RegExp complexity in generated code with .replace when transpiling named capturing groups,,
Flowise,grype,dependencies,GHSA-qw6h-vgh9-j6wx,Low,express,4.18.3,npm,4.20.0,express vulnerable to XSS via response.redirect(),,
Flowise,grype,dependencies,GHSA-95m3-7q98-8xr5,Critical,sha.js,2.4.11,npm,2.4.12,sha.js is missing type checks leading to hash rewind and passing on crafted data,,
Flowise,grype,dependencies,GHSA-wh4c-j3r5-mjhp,High,@xmldom/xmldom,0.8.10,npm,0.8.12,xmldom: XML injection via unsafe CDATA serialization allows attacker-controlled markup insertion,,
Flowise,grype,dependencies,GHSA-rf6f-7fwh-wjgh,High,flatted,3.3.1,npm,3.4.2,Prototype Pollution via parse() in NodeJS flatted,,
Flowise,grype,dependencies,GHSA-6c59-mwgh-r2x6,Medium,jsonpath,1.1.1,npm,1.2.0,JSONPath vulnerable to Prototype Pollution due to insufficient input validation of object keys in lib/index.js,,
Flowise,grype,dependencies,GHSA-5m6q-g25r-mvwx,High,node-forge,1.3.1,npm,1.4.0,Forge has Denial of Service via Infinite Loop in BigInteger.modInverse() with Zero Input,,
Flowise,grype,dependencies,GHSA-43fc-jf86-j433,High,axios,1.12.0,npm,1.13.5,Axios is Vulnerable to Denial of Service via __proto__ Key in mergeConfig,,
Flowise,grype,dependencies,GHSA-r399-636x-v7f6,High,langchain,0.3.6,npm,0.3.37,LangChain serialization injection vulnerability enables secret extraction,,
Flowise,grype,dependencies,GHSA-52f5-9888-hmc6,Low,tmp,0.0.33,npm,0.2.4,tmp allows arbitrary temporary file / directory write via symbolic link `dir` parameter,,
Flowise,grype,dependencies,GHSA-52f5-9888-hmc6,Low,tmp,0.2.3,npm,0.2.4,tmp allows arbitrary temporary file / directory write via symbolic link `dir` parameter,,
Flowise,grype,dependencies,GHSA-37ch-88jc-xwx2,High,path-to-regexp,0.1.12,npm,0.1.13,path-to-regexp vulnerable to Regular Expression Denial of Service via multiple route parameters,,
Flowise,grype,dependencies,GHSA-9cx6-37pm-9jff,High,handlebars,4.7.8,npm,4.7.9,Handlebars.js has Denial of Service via Malformed Decorator Syntax in Template Compilation,,
Flowise,grype,dependencies,GHSA-9gqv-wp59-fq42,Medium,http-proxy-middleware,3.0.3,npm,3.0.5,http-proxy-middleware allows fixRequestBody to proceed even if bodyParser has failed,,
Flowise,grype,dependencies,GHSA-r5fr-rjxr-66jc,High,lodash,4.17.21,npm,4.18.0,lodash vulnerable to Code Injection via `_.template` imports key names,,
Flowise,grype,dependencies,GHSA-r5fr-rjxr-66jc,High,lodash-es,4.17.21,npm,4.18.0,lodash vulnerable to Code Injection via `_.template` imports key names,,
Flowise,grype,dependencies,GHSA-ppp5-5v6c-4jwp,High,node-forge,1.3.1,npm,1.4.0,Forge has signature forgery in RSA-PKCS due to ASN.1 extra field,,
Flowise,grype,dependencies,GHSA-4pg4-qvpc-4q3h,High,multer,1.4.5-lts.1,npm,2.0.0,Multer vulnerable to Denial of Service from maliciously crafted requests,,
Flowise,grype,dependencies,GHSA-6rw7-vpxm-498p,Medium,qs,6.10.4,npm,6.14.1,qs's arrayLimit bypass in its bracket notation allows DoS via memory exhaustion,,
Flowise,grype,dependencies,GHSA-6rw7-vpxm-498p,Medium,qs,6.11.0,npm,6.14.1,qs's arrayLimit bypass in its bracket notation allows DoS via memory exhaustion,,
Flowise,grype,dependencies,GHSA-6rw7-vpxm-498p,Medium,qs,6.11.2,npm,6.14.1,qs's arrayLimit bypass in its bracket notation allows DoS via memory exhaustion,,
Flowise,grype,dependencies,GHSA-6rw7-vpxm-498p,Medium,qs,6.12.1,npm,6.14.1,qs's arrayLimit bypass in its bracket notation allows DoS via memory exhaustion,,
Flowise,grype,dependencies,GHSA-6rw7-vpxm-498p,Medium,qs,6.13.0,npm,6.14.1,qs's arrayLimit bypass in its bracket notation allows DoS via memory exhaustion,,
Flowise,grype,dependencies,GHSA-6rw7-vpxm-498p,Medium,qs,6.5.5,npm,6.14.1,qs's arrayLimit bypass in its bracket notation allows DoS via memory exhaustion,,
Flowise,grype,dependencies,GHSA-3wc5-fcw2-2329,Medium,katex,0.16.9,npm,0.16.10,KaTeX missing normalization of the protocol in URLs allows bypassing forbidden protocols,,
Flowise,grype,dependencies,GHSA-q2pj-6v73-8rgj,High,typeorm,0.3.20,npm,0.3.26,TypeORM vulnerable to SQL injection via crafted request to repository.save or repository.update,,
Flowise,grype,dependencies,GHSA-q67f-28xg-22rw,High,node-forge,1.3.1,npm,1.4.0,Forge has signature forgery in Ed25519 due to missing S > L check,,
Flowise,grype,dependencies,GHSA-f98w-7cxr-ff2h,Medium,katex,0.16.9,npm,0.16.10,KaTeX's `\includegraphics` does not escape filename,,
Flowise,grype,dependencies,GHSA-fw9q-39r9-c252,Medium,langsmith,0.2.8,npm,0.5.18,LangSmith Client SDKs has Prototype Pollution in langsmith-sdk via Incomplete `__proto__` Guard in Internal lodash `set()`,,
Flowise,grype,dependencies,GHSA-fw9q-39r9-c252,Medium,langsmith,0.3.34,npm,0.5.18,LangSmith Client SDKs has Prototype Pollution in langsmith-sdk via Incomplete `__proto__` Guard in Internal lodash `set()`,,
Flowise,grype,dependencies,GHSA-fw9q-39r9-c252,Medium,langsmith,0.4.12,npm,0.5.18,LangSmith Client SDKs has Prototype Pollution in langsmith-sdk via Incomplete `__proto__` Guard in Internal lodash `set()`,,
Flowise,grype,dependencies,GHSA-fw9q-39r9-c252,Medium,langsmith,0.5.7,npm,0.5.18,LangSmith Client SDKs has Prototype Pollution in langsmith-sdk via Incomplete `__proto__` Guard in Internal lodash `set()`,,
Flowise,grype,dependencies,GHSA-3v7f-55p6-f55p,Medium,picomatch,2.3.1,npm,2.3.2,Picomatch: Method Injection in POSIX Character Classes causes incorrect Glob Matching,,
Flowise,grype,dependencies,GHSA-3v7f-55p6-f55p,Medium,picomatch,3.0.1,npm,3.0.2,Picomatch: Method Injection in POSIX Character Classes causes incorrect Glob Matching,,
Flowise,grype,dependencies,GHSA-3v7f-55p6-f55p,Medium,picomatch,4.0.3,npm,4.0.4,Picomatch: Method Injection in POSIX Character Classes causes incorrect Glob Matching,,
Flowise,grype,dependencies,GHSA-8gw3-rxh4-v6jx,High,expr-eval,2.0.2,npm,,expr-eval vulnerable to Prototype Pollution,,
Flowise,grype,dependencies,GHSA-65ch-62r8-g69g,Medium,node-forge,1.3.1,npm,1.3.2,node-forge is vulnerable to ASN.1 OID Integer Truncation,,
Flowise,grype,dependencies,GHSA-vj76-c3g6-qr5v,High,tar-fs,3.1.0,npm,3.1.1,tar-fs has a symlink validation bypass if destination directory is predictable with a specific tarball,,
Flowise,grype,dependencies,GHSA-rwvc-j5jr-mgvh,Low,ai,3.2.22,npm,5.0.52,Vercel’s AI SDK's filetype whitelists can be bypassed when uploading files,,
Flowise,grype,dependencies,GHSA-9965-vmph-33xx,Medium,validator,13.12.0,npm,13.15.20,validator.js has a URL validation bypass vulnerability in its isURL function,,
Flowise,grype,dependencies,GHSA-48c2-rrv3-qjmp,Medium,yaml,1.10.2,npm,1.10.3,yaml is vulnerable to Stack Overflow via deeply nested YAML collections,,
Flowise,grype,dependencies,GHSA-48c2-rrv3-qjmp,Medium,yaml,1.10.2,npm,1.10.3,yaml is vulnerable to Stack Overflow via deeply nested YAML collections,,
Flowise,grype,dependencies,GHSA-48c2-rrv3-qjmp,Medium,yaml,2.3.1,npm,2.8.3,yaml is vulnerable to Stack Overflow via deeply nested YAML collections,,
Flowise,grype,dependencies,GHSA-48c2-rrv3-qjmp,Medium,yaml,2.4.1,npm,2.8.3,yaml is vulnerable to Stack Overflow via deeply nested YAML collections,,
Flowise,grype,dependencies,GHSA-3mfm-83xf-c92r,High,handlebars,4.7.8,npm,4.7.9,Handlebars.js has JavaScript Injection via AST Type Confusion by tampering @partial-block,,
Flowise,grype,dependencies,GHSA-v6h2-p8h4-qcjw,Low,brace-expansion,1.1.11,npm,1.1.12,brace-expansion Regular Expression Denial of Service vulnerability,,
Flowise,grype,dependencies,GHSA-v6h2-p8h4-qcjw,Low,brace-expansion,2.0.1,npm,2.0.2,brace-expansion Regular Expression Denial of Service vulnerability,,
Flowise,grype,dependencies,GHSA-w48q-cv73-mx4w,High,@modelcontextprotocol/sdk,0.5.0,npm,1.24.0,Model Context Protocol (MCP) TypeScript SDK does not enable DNS rebinding protection by default,,
Flowise,grype,dependencies,GHSA-w48q-cv73-mx4w,High,@modelcontextprotocol/sdk,1.0.1,npm,1.24.0,Model Context Protocol (MCP) TypeScript SDK does not enable DNS rebinding protection by default,,
Flowise,grype,dependencies,GHSA-w48q-cv73-mx4w,High,@modelcontextprotocol/sdk,1.10.2,npm,1.24.0,Model Context Protocol (MCP) TypeScript SDK does not enable DNS rebinding protection by default,,
Flowise,grype,dependencies,GHSA-w48q-cv73-mx4w,High,@modelcontextprotocol/sdk,1.12.0,npm,1.24.0,Model Context Protocol (MCP) TypeScript SDK does not enable DNS rebinding protection by default,,
Flowise,grype,dependencies,GHSA-7mvr-c777-76hp,High,playwright,1.42.1,npm,1.55.1,Playwright downloads and installs browsers without verifying the authenticity of the SSL certificate,,
Flowise,grype,dependencies,GHSA-7mvr-c777-76hp,High,playwright,1.49.1,npm,1.55.1,Playwright downloads and installs browsers without verifying the authenticity of the SSL certificate,,
Flowise,grype,dependencies,GHSA-jmr7-xgp7-cmfj,High,fast-xml-parser,4.2.5,npm,4.5.4,fast-xml-parser affected by DoS through entity expansion in DOCTYPE (no expansion limit),,
Flowise,grype,dependencies,GHSA-jmr7-xgp7-cmfj,High,fast-xml-parser,4.4.1,npm,4.5.4,fast-xml-parser affected by DoS through entity expansion in DOCTYPE (no expansion limit),,
Flowise,grype,dependencies,GHSA-jmr7-xgp7-cmfj,High,fast-xml-parser,5.2.5,npm,5.3.6,fast-xml-parser affected by DoS through entity expansion in DOCTYPE (no expansion limit),,
Flowise,grype,dependencies,GHSA-9jcx-v3wj-wh4m,Medium,react-router,6.3.0,npm,6.30.2,React Router has unexpected external redirect via untrusted paths,,
Flowise,grype,dependencies,GHSA-3p68-rc4w-qgx5,Medium,axios,1.12.0,npm,1.15.0,Axios has a NO_PROXY Hostname Normalization Bypass that Leads to SSRF,,
Flowise,grype,dependencies,GHSA-3j22-8qj3-26mx,High,seroval,1.3.2,npm,1.4.1,Seroval affected by Denial of Service via Deeply Nested Objects,,
Flowise,grype,dependencies,GHSA-66fc-rw6m-c2q6,High,seroval,1.3.2,npm,1.4.1,Seroval affected by Denial of Service via Array serialization,,
Flowise,grype,dependencies,GHSA-hx9m-jf43-8ffr,High,seroval,1.3.2,npm,1.4.1,seroval affected by Denial of Service via RegExp serialization,,
Flowise,grype,dependencies,GHSA-2qvq-rjwj-gvw9,Medium,handlebars,4.7.8,npm,4.7.9,Handlebars.js has Prototype Pollution Leading to XSS through Partial Template Injection,,
Flowise,grype,dependencies,GHSA-7r86-cg39-jmmj,High,minimatch,3.0.8,npm,3.1.3,minimatch has ReDoS: matchOne() combinatorial backtracking via multiple non-adjacent GLOBSTAR segments,,
Flowise,grype,dependencies,GHSA-7r86-cg39-jmmj,High,minimatch,3.1.2,npm,3.1.3,minimatch has ReDoS: matchOne() combinatorial backtracking via multiple non-adjacent GLOBSTAR segments,,
Flowise,grype,dependencies,GHSA-7r86-cg39-jmmj,High,minimatch,5.1.6,npm,5.1.8,minimatch has ReDoS: matchOne() combinatorial backtracking via multiple non-adjacent GLOBSTAR segments,,
Flowise,grype,dependencies,GHSA-7r86-cg39-jmmj,High,minimatch,9.0.4,npm,9.0.7,minimatch has ReDoS: matchOne() combinatorial backtracking via multiple non-adjacent GLOBSTAR segments,,
Flowise,grype,dependencies,GHSA-7r86-cg39-jmmj,High,minimatch,9.0.5,npm,9.0.7,minimatch has ReDoS: matchOne() combinatorial backtracking via multiple non-adjacent GLOBSTAR segments,,
Flowise,grype,dependencies,GHSA-3ppc-4f35-3m26,High,minimatch,3.0.8,npm,3.1.3,minimatch has a ReDoS via repeated wildcards with non-matching literal in pattern,,
Flowise,grype,dependencies,GHSA-3ppc-4f35-3m26,High,minimatch,3.1.2,npm,3.1.3,minimatch has a ReDoS via repeated wildcards with non-matching literal in pattern,,
Flowise,grype,dependencies,GHSA-3ppc-4f35-3m26,High,minimatch,5.1.6,npm,5.1.7,minimatch has a ReDoS via repeated wildcards with non-matching literal in pattern,,
Flowise,grype,dependencies,GHSA-3ppc-4f35-3m26,High,minimatch,9.0.4,npm,9.0.6,minimatch has a ReDoS via repeated wildcards with non-matching literal in pattern,,
Flowise,grype,dependencies,GHSA-3ppc-4f35-3m26,High,minimatch,9.0.5,npm,9.0.6,minimatch has a ReDoS via repeated wildcards with non-matching literal in pattern,,
Flowise,grype,dependencies,GHSA-33vc-wfww-vjfv,Medium,jsondiffpatch,0.6.0,npm,0.7.2,jsondiffpatch is vulnerable to Cross-site Scripting (XSS) via HtmlFormatter::nodeBegin,,
Flowise,grype,dependencies,GHSA-mphv-75cg-56wg,Medium,@langchain/community,0.3.49,npm,1.1.18,LangChain Community: redirect chaining can lead to SSRF bypass via RecursiveUrlLoader,,
Flowise,grype,dependencies,GHSA-mphv-75cg-56wg,Medium,@langchain/community,1.1.12,npm,1.1.18,LangChain Community: redirect chaining can lead to SSRF bypass via RecursiveUrlLoader,,
Flowise,grype,dependencies,GHSA-23c5-xmqv-rm74,High,minimatch,3.0.8,npm,3.1.4,minimatch ReDoS: nested *() extglobs generate catastrophically backtracking regular expressions,,
Flowise,grype,dependencies,GHSA-23c5-xmqv-rm74,High,minimatch,3.1.2,npm,3.1.4,minimatch ReDoS: nested *() extglobs generate catastrophically backtracking regular expressions,,
Flowise,grype,dependencies,GHSA-23c5-xmqv-rm74,High,minimatch,5.1.6,npm,5.1.8,minimatch ReDoS: nested *() extglobs generate catastrophically backtracking regular expressions,,
Flowise,grype,dependencies,GHSA-23c5-xmqv-rm74,High,minimatch,9.0.4,npm,9.0.7,minimatch ReDoS: nested *() extglobs generate catastrophically backtracking regular expressions,,
Flowise,grype,dependencies,GHSA-23c5-xmqv-rm74,High,minimatch,9.0.5,npm,9.0.7,minimatch ReDoS: nested *() extglobs generate catastrophically backtracking regular expressions,,
Flowise,grype,dependencies,GHSA-8r9q-7v3j-jr4g,High,@modelcontextprotocol/sdk,0.5.0,npm,1.25.2,Anthropic's MCP TypeScript SDK has a ReDoS vulnerability,,
Flowise,grype,dependencies,GHSA-8r9q-7v3j-jr4g,High,@modelcontextprotocol/sdk,1.0.1,npm,1.25.2,Anthropic's MCP TypeScript SDK has a ReDoS vulnerability,,
Flowise,grype,dependencies,GHSA-8r9q-7v3j-jr4g,High,@modelcontextprotocol/sdk,1.10.2,npm,1.25.2,Anthropic's MCP TypeScript SDK has a ReDoS vulnerability,,
Flowise,grype,dependencies,GHSA-8r9q-7v3j-jr4g,High,@modelcontextprotocol/sdk,1.12.0,npm,1.25.2,Anthropic's MCP TypeScript SDK has a ReDoS vulnerability,,
Flowise,grype,dependencies,GHSA-v8jm-5vwx-cfxm,Medium,dompurify,3.2.6,npm,3.2.7,DOMPurify contains a Cross-site Scripting vulnerability,,
Flowise,grype,dependencies,GHSA-mh29-5h37-fv8m,Medium,js-yaml,3.14.1,npm,3.14.2,js-yaml has prototype pollution in merge (<<),,
Flowise,grype,dependencies,GHSA-mh29-5h37-fv8m,Medium,js-yaml,4.1.0,npm,4.1.1,js-yaml has prototype pollution in merge (<<),,
Flowise,grype,dependencies,GHSA-m7jm-9gc2-mpf2,Critical,fast-xml-parser,4.2.5,npm,4.5.4,fast-xml-parser has an entity encoding bypass via regex injection in DOCTYPE entity names,,
Flowise,grype,dependencies,GHSA-m7jm-9gc2-mpf2,Critical,fast-xml-parser,4.4.1,npm,4.5.4,fast-xml-parser has an entity encoding bypass via regex injection in DOCTYPE entity names,,
Flowise,grype,dependencies,GHSA-m7jm-9gc2-mpf2,Critical,fast-xml-parser,5.2.5,npm,5.3.5,fast-xml-parser has an entity encoding bypass via regex injection in DOCTYPE entity names,,
Flowise,grype,dependencies,GHSA-xxjr-mmjv-4gpg,Medium,lodash,4.17.21,npm,4.17.23,Lodash has Prototype Pollution Vulnerability in `_.unset` and `_.omit` functions,,
Flowise,grype,dependencies,GHSA-xxjr-mmjv-4gpg,Medium,lodash-es,4.17.21,npm,4.17.23,Lodash has Prototype Pollution Vulnerability in `_.unset` and `_.omit` functions,,
Flowise,grype,dependencies,GHSA-jp2q-39xq-3w4g,Medium,fast-xml-parser,4.2.5,npm,4.5.5,Entity Expansion Limits Bypassed When Set to Zero Due to JavaScript Falsy Evaluation in fast-xml-parser,,
Flowise,grype,dependencies,GHSA-jp2q-39xq-3w4g,Medium,fast-xml-parser,4.4.1,npm,4.5.5,Entity Expansion Limits Bypassed When Set to Zero Due to JavaScript Falsy Evaluation in fast-xml-parser,,
Flowise,grype,dependencies,GHSA-jp2q-39xq-3w4g,Medium,fast-xml-parser,5.2.5,npm,5.5.7,Entity Expansion Limits Bypassed When Set to Zero Due to JavaScript Falsy Evaluation in fast-xml-parser,,
Flowise,grype,dependencies,GHSA-jp2q-39xq-3w4g,Medium,fast-xml-parser,5.4.1,npm,5.5.7,Entity Expansion Limits Bypassed When Set to Zero Due to JavaScript Falsy Evaluation in fast-xml-parser,,
Flowise,grype,dependencies,GHSA-w7fw-mjwx-w883,Low,qs,6.10.4,npm,6.14.2,qs's arrayLimit bypass in comma parsing allows denial of service,,
Flowise,grype,dependencies,GHSA-w7fw-mjwx-w883,Low,qs,6.11.0,npm,6.14.2,qs's arrayLimit bypass in comma parsing allows denial of service,,
Flowise,grype,dependencies,GHSA-w7fw-mjwx-w883,Low,qs,6.11.2,npm,6.14.2,qs's arrayLimit bypass in comma parsing allows denial of service,,
Flowise,grype,dependencies,GHSA-w7fw-mjwx-w883,Low,qs,6.12.1,npm,6.14.2,qs's arrayLimit bypass in comma parsing allows denial of service,,
Flowise,grype,dependencies,GHSA-w7fw-mjwx-w883,Low,qs,6.13.0,npm,6.14.2,qs's arrayLimit bypass in comma parsing allows denial of service,,
Flowise,grype,dependencies,GHSA-5j98-mcp5-4vw2,High,glob,10.3.10,npm,10.5.0,glob CLI: Command injection via -c/--cmd executes matches with shell:true,,
Flowise,grype,dependencies,GHSA-34x7-hfp2-rc4v,High,tar,6.2.0,npm,7.5.7,node-tar Vulnerable to Arbitrary File Creation/Overwrite via Hardlink Path Traversal,,
Flowise,grype,dependencies,GHSA-qpx9-hpmf-5gmw,High,underscore,1.12.1,npm,1.13.8,"Underscore has unlimited recursion in _.flatten and _.isEqual, potential for DoS attack",,
Flowise,grype,dependencies,GHSA-qpx9-hpmf-5gmw,High,underscore,1.13.6,npm,1.13.8,"Underscore has unlimited recursion in _.flatten and _.isEqual, potential for DoS attack",,
Flowise,grype,dependencies,GHSA-2328-f5f3-gj25,High,node-forge,1.3.1,npm,1.4.0,Forge has a basicConstraints bypass in its certificate chain verification (RFC 5280 violation),,
Flowise,grype,dependencies,GHSA-xhpv-hc6g-r9c6,High,handlebars,4.7.8,npm,4.7.9,Handlebars.js has JavaScript Injection via AST Type Confusion when passing an object as dynamic partial,,
Flowise,grype,dependencies,GHSA-cg87-wmx4-v546,Medium,katex,0.16.9,npm,0.16.21,KaTeX \htmlData does not validate attribute names,,
Flowise,grype,dependencies,GHSA-25h7-pfq9-p65f,High,flatted,3.3.1,npm,3.4.0,flatted vulnerable to unbounded recursion DoS in parse() revive phase,,
Flowise,grype,dependencies,GHSA-5v7r-6r5c-r473,Medium,file-type,16.5.4,npm,21.3.1,file-type affected by infinite loop in ASF parser on malformed input with zero-size sub-header,,
Flowise,grype,dependencies,GHSA-fj3w-jwp8-x2g3,Low,fast-xml-parser,4.2.5,npm,4.5.4,fast-xml-parser has stack overflow in XMLBuilder with preserveOrder,,
Flowise,grype,dependencies,GHSA-fj3w-jwp8-x2g3,Low,fast-xml-parser,4.4.1,npm,4.5.4,fast-xml-parser has stack overflow in XMLBuilder with preserveOrder,,
Flowise,grype,dependencies,GHSA-fj3w-jwp8-x2g3,Low,fast-xml-parser,5.2.5,npm,5.3.8,fast-xml-parser has stack overflow in XMLBuilder with preserveOrder,,
Flowise,grype,dependencies,GHSA-vrm6-8vpv-qv8q,High,undici,5.28.4,npm,6.24.0,Undici has Unbounded Memory Consumption in WebSocket permessage-deflate Decompression,,
Flowise,grype,dependencies,GHSA-vrm6-8vpv-qv8q,High,undici,6.23.0,npm,6.24.0,Undici has Unbounded Memory Consumption in WebSocket permessage-deflate Decompression,,
Flowise,grype,dependencies,GHSA-phwv-c562-gvmh,Medium,svelte,4.2.18,npm,5.53.5,Svelte vulnerable to XSS during SSR with contenteditable `bind:innerText` and `bind:textContent`,,
Flowise,grype,dependencies,GHSA-v52c-386h-88mc,High,multer,1.4.5-lts.1,npm,2.1.0,Multer vulnerable to Denial of Service via resource exhaustion,,
Flowise,grype,dependencies,GHSA-xf7r-hgr6-v32p,High,multer,1.4.5-lts.1,npm,2.1.0,Multer vulnerable to Denial of Service via incomplete cleanup,,
Flowise,grype,dependencies,GHSA-v52c-386h-88mc,High,multer,2.0.2,npm,2.1.0,Multer vulnerable to Denial of Service via resource exhaustion,,
Flowise,grype,dependencies,GHSA-xf7r-hgr6-v32p,High,multer,2.0.2,npm,2.1.0,Multer vulnerable to Denial of Service via incomplete cleanup,,
Flowise,grype,dependencies,GHSA-cxrh-j4jr-qwg3,Low,undici,5.28.4,npm,5.29.0,undici Denial of Service attack via bad certificate data,,
Flowise,grype,dependencies,GHSA-8gc5-j5rx-235r,High,fast-xml-parser,4.2.5,npm,4.5.5,fast-xml-parser affected by numeric entity expansion bypassing all entity expansion limits (incomplete fix for CVE-2026-26278),,
Flowise,grype,dependencies,GHSA-8gc5-j5rx-235r,High,fast-xml-parser,4.4.1,npm,4.5.5,fast-xml-parser affected by numeric entity expansion bypassing all entity expansion limits (incomplete fix for CVE-2026-26278),,
Flowise,grype,dependencies,GHSA-8gc5-j5rx-235r,High,fast-xml-parser,5.2.5,npm,5.5.6,fast-xml-parser affected by numeric entity expansion bypassing all entity expansion limits (incomplete fix for CVE-2026-26278),,
Flowise,grype,dependencies,GHSA-8gc5-j5rx-235r,High,fast-xml-parser,5.4.1,npm,5.5.6,fast-xml-parser affected by numeric entity expansion bypassing all entity expansion limits (incomplete fix for CVE-2026-26278),,
Flowise,grype,dependencies,GHSA-fvcv-3m26-pcqx,Medium,axios,1.12.0,npm,1.15.0,Axios has Unrestricted Cloud Metadata Exfiltration via Header Injection Chain,,
Flowise,grype,dependencies,GHSA-c2c7-rcm5-vvqj,High,picomatch,2.3.1,npm,2.3.2,Picomatch has a ReDoS vulnerability via extglob quantifiers,,
Flowise,grype,dependencies,GHSA-c2c7-rcm5-vvqj,High,picomatch,3.0.1,npm,3.0.2,Picomatch has a ReDoS vulnerability via extglob quantifiers,,
Flowise,grype,dependencies,GHSA-c2c7-rcm5-vvqj,High,picomatch,4.0.3,npm,4.0.4,Picomatch has a ReDoS vulnerability via extglob quantifiers,,
Flowise,grype,dependencies,GHSA-crpf-4hrx-3jrp,Medium,svelte,4.2.18,npm,5.51.5,Svelte SSR attribute spreading includes inherited properties from prototype chain,,
Flowise,grype,dependencies,GHSA-f23m-r3pf-42rh,Medium,lodash,4.17.21,npm,4.18.0,lodash vulnerable to Prototype Pollution via array path bypass in `_.unset` and `_.omit`,,
Flowise,grype,dependencies,GHSA-f23m-r3pf-42rh,Medium,lodash-es,4.17.21,npm,4.18.0,lodash vulnerable to Prototype Pollution via array path bypass in `_.unset` and `_.omit`,,
Flowise,grype,dependencies,GHSA-f886-m6hf-6m8v,Medium,brace-expansion,1.1.11,npm,1.1.13,brace-expansion: Zero-step sequence causes process hang and memory exhaustion,,
Flowise,grype,dependencies,GHSA-f886-m6hf-6m8v,Medium,brace-expansion,2.0.1,npm,2.0.3,brace-expansion: Zero-step sequence causes process hang and memory exhaustion,,
Flowise,grype,dependencies,GHSA-345p-7cg4-v4c7,High,@modelcontextprotocol/sdk,1.10.2,npm,1.26.0,@modelcontextprotocol/sdk has cross-client data leak via shared server/transport instance reuse,,
Flowise,grype,dependencies,GHSA-345p-7cg4-v4c7,High,@modelcontextprotocol/sdk,1.12.0,npm,1.26.0,@modelcontextprotocol/sdk has cross-client data leak via shared server/transport instance reuse,,
Flowise,grype,dependencies,GHSA-38c4-r59v-3vqw,Medium,markdown-it,14.1.0,npm,14.1.1,markdown-it is has a Regular Expression Denial of Service (ReDoS),,
Flowise,grype,dependencies,GHSA-g9mf-h72j-4rw9,Medium,undici,5.28.4,npm,6.23.0,Undici has an unbounded decompression chain in HTTP responses on Node.js Fetch API via Content-Encoding leads to resource exhaustion,,
Flowise,grype,dependencies,GHSA-2mjp-6q6p-2qxm,Medium,undici,5.28.4,npm,6.24.0,Undici has an HTTP Request/Response Smuggling issue,,
Flowise,grype,dependencies,GHSA-2mjp-6q6p-2qxm,Medium,undici,6.23.0,npm,6.24.0,Undici has an HTTP Request/Response Smuggling issue,,
Flowise,grype,dependencies,GHSA-qj8w-gfj5-8c6v,Medium,serialize-javascript,4.0.0,npm,7.0.5,Serialize JavaScript has CPU Exhaustion Denial of Service via crafted array-like objects,,
Flowise,grype,dependencies,GHSA-qj8w-gfj5-8c6v,Medium,serialize-javascript,6.0.2,npm,7.0.5,Serialize JavaScript has CPU Exhaustion Denial of Service via crafted array-like objects,,
Flowise,grype,dependencies,GHSA-9cwx-2883-4wfx,Medium,vite,4.5.2,npm,4.5.4,Vite's `server.fs.deny` is bypassed when using `?import&raw`,,
Flowise,grype,dependencies,GHSA-9cwx-2883-4wfx,Medium,vite,5.1.6,npm,5.1.8,Vite's `server.fs.deny` is bypassed when using `?import&raw`,,
Flowise,grype,dependencies,GHSA-fjgf-rc76-4x9p,High,multer,1.4.5-lts.1,npm,2.0.2,Multer vulnerable to Denial of Service via unhandled exception from malformed request,,
Flowise,grype,dependencies,GHSA-869p-cjfg-cm3x,High,jws,3.2.2,npm,3.2.3,auth0/node-jws Improperly Verifies HMAC Signature,,
Flowise,grype,dependencies,GHSA-869p-cjfg-cm3x,High,jws,4.0.0,npm,4.0.1,auth0/node-jws Improperly Verifies HMAC Signature,,
Flowise,grype,dependencies,GHSA-2g4f-4pwh-qvx6,Medium,ajv,6.12.6,npm,6.14.0,ajv has ReDoS when using `$data` option,,
Flowise,grype,dependencies,GHSA-2g4f-4pwh-qvx6,Medium,ajv,8.13.0,npm,8.18.0,ajv has ReDoS when using `$data` option,,
Flowise,grype,dependencies,GHSA-v2wj-7wpq-c8vv,Medium,dompurify,3.2.6,npm,3.3.2,DOMPurify contains a Cross-site Scripting vulnerability,,
Flowise,grype,dependencies,GHSA-r6q2-hw4h-h46w,High,tar,6.2.0,npm,7.5.4,Race Condition in node-tar Path Reservations via Unicode Ligature Collisions on macOS APFS,,
Flowise,grype,dependencies,GHSA-xjpj-3mr7-gcpf,High,handlebars,4.7.8,npm,4.7.9,Handlebars.js has JavaScript Injection in CLI Precompiler via Unescaped Names and Options,,
Flowise,grype,dependencies,GHSA-9ppj-qmqm-q256,High,tar,6.2.0,npm,7.5.11,node-tar Symlink Path Traversal via Drive-Relative Linkpath,,
Flowise,grype,dependencies,GHSA-gf3v-fwqg-4vh7,Medium,@langchain/community,0.3.49,npm,1.1.14,@langchain/community affected by SSRF Bypass in RecursiveUrlLoader via insufficient URL origin validation,,
Flowise,grype,dependencies,GHSA-gf3v-fwqg-4vh7,Medium,@langchain/community,1.1.12,npm,1.1.14,@langchain/community affected by SSRF Bypass in RecursiveUrlLoader via insufficient URL origin validation,,
Flowise,grype,dependencies,GHSA-73rr-hh4g-fpgx,Low,diff,4.0.2,npm,4.0.4,jsdiff has a Denial of Service vulnerability in parsePatch and applyPatch,,
Flowise,grype,dependencies,GHSA-73rr-hh4g-fpgx,Low,diff,5.2.0,npm,5.2.2,jsdiff has a Denial of Service vulnerability in parsePatch and applyPatch,,
Flowise,grype,dependencies,GHSA-f7gr-6p89-r883,Medium,svelte,4.2.18,npm,5.51.5,Svelte affected by cross-site scripting via spread attributes in Svelte SSR,,
Flowise,grype,dependencies,GHSA-m56q-vw4c-c2cp,Medium,svelte,4.2.18,npm,5.51.5,Svelte SSR does not validate dynamic element tag names in `<svelte:element>`,,
Flowise,grype,dependencies,GHSA-qffp-2rhf-9h96,High,tar,6.2.0,npm,7.5.10,tar has Hardlink Path Traversal via Drive-Relative Linkpath,,
Flowise,grype,dependencies,GHSA-8qq5-rm4j-mr97,High,tar,6.2.0,npm,7.5.3,node-tar is Vulnerable to Arbitrary File Overwrite and Symlink Poisoning via Insufficient Path Sanitization,,
Flowise,grype,dependencies,GHSA-4992-7rv2-5pvq,Medium,undici,5.28.4,npm,6.24.0,Undici has CRLF Injection in undici via `upgrade` option,,
Flowise,grype,dependencies,GHSA-4992-7rv2-5pvq,Medium,undici,6.23.0,npm,6.24.0,Undici has CRLF Injection in undici via `upgrade` option,,
Flowise,grype,dependencies,GHSA-83g3-92jg-28cx,High,tar,6.2.0,npm,7.5.8,Arbitrary File Read/Write via Hardlink Target Escape Through Symlink Chain in node-tar Extraction,,
Flowise,grype,dependencies,GHSA-jqfw-vq24-v9c3,Low,vite,4.5.2,npm,5.4.20,Vite's `server.fs` settings were not applied to HTML files,,
Flowise,grype,dependencies,GHSA-jqfw-vq24-v9c3,Low,vite,5.1.6,npm,5.4.20,Vite's `server.fs` settings were not applied to HTML files,,
Flowise,grype,dependencies,GHSA-vpq2-c234-7xj6,Low,@tootallnate/once,1.1.2,npm,3.0.1,@tootallnate/once vulnerable to Incorrect Control Flow Scoping,,
Flowise,grype,dependencies,GHSA-vpq2-c234-7xj6,Low,@tootallnate/once,2.0.0,npm,3.0.1,@tootallnate/once vulnerable to Incorrect Control Flow Scoping,,
Flowise,grype,dependencies,GHSA-38r7-794h-5758,Low,webpack,5.90.3,npm,5.104.0,webpack buildHttp HttpUriPlugin allowedUris bypass via HTTP redirects → SSRF + cache persistence,,
Flowise,grype,dependencies,GHSA-8fgc-7cc6-rx7x,Low,webpack,5.90.3,npm,5.104.1,webpack buildHttp: allowedUris allow-list bypass via URL userinfo (@) leading to build-time SSRF behavior,,
Flowise,grype,dependencies,GHSA-76c9-3jph-rj3q,Low,on-headers,1.0.2,npm,1.1.0,on-headers is vulnerable to http response header manipulation,,
Flowise,grype,dependencies,GHSA-44fc-8fm5-q62h,Critical,convict,6.2.4,npm,6.2.5,Convict has Prototype Pollution via startsWith() function,,
Flowise,grype,dependencies,GHSA-hf2r-9gf9-rwch,Critical,convict,6.2.4,npm,6.2.5,"Convict has prototype pollution via load(), loadFile(), and schema initialization",,
Flowise,grype,dependencies,GHSA-2v35-w6hq-6mfw,High,@xmldom/xmldom,0.8.10,npm,0.8.13,xmldom: Uncontrolled recursion in XML serialization leads to DoS,,
Flowise,grype,dependencies,GHSA-f6ww-3ggp-fr8h,High,@xmldom/xmldom,0.8.10,npm,0.8.13,xmldom has XML injection through unvalidated DocumentType serialization,,
Flowise,grype,dependencies,GHSA-j759-j44w-7fr8,High,@xmldom/xmldom,0.8.10,npm,0.8.13,xmldom has XML node injection through unvalidated comment serialization,,
Flowise,grype,dependencies,GHSA-x6wf-f3px-wcqx,High,@xmldom/xmldom,0.8.10,npm,0.8.13,xmldom has XML node injection through unvalidated processing instruction serialization,,
Flowise,grype,dependencies,GHSA-6v7q-wjvx-w8wg,High,basic-ftp,5.0.5,npm,5.2.2,basic-ftp: Incomplete CRLF Injection Protection Allows Arbitrary FTP Command Execution via Credentials and MKD Commands,,
Flowise,grype,dependencies,GHSA-rp42-5vxx-qpwr,High,basic-ftp,5.0.5,npm,5.3.0,basic-ftp vulnerable to denial of service via unbounded memory consumption in Client.list(),,
Flowise,grype,dependencies,GHSA-5c6j-r48x-rmvq,High,serialize-javascript,4.0.0,npm,7.0.3,Serialize JavaScript is Vulnerable to RCE via RegExp.flags and Date.prototype.toISOString(),,
Flowise,grype,dependencies,GHSA-5c6j-r48x-rmvq,High,serialize-javascript,6.0.2,npm,7.0.3,Serialize JavaScript is Vulnerable to RCE via RegExp.flags and Date.prototype.toISOString(),,
Flowise,grype,dependencies,GHSA-39q2-94rc-95cp,Medium,dompurify,3.2.6,npm,3.4.0,DOMPurify's ADD_TAGS function form bypasses FORBID_TAGS due to short-circuit evaluation,,
Flowise,grype,dependencies,GHSA-cj63-jhhr-wcxv,Medium,dompurify,3.2.6,npm,3.3.2,DOMPurify USE_PROFILES prototype pollution allows event handlers,,
Flowise,grype,dependencies,GHSA-cjmm-f4jc-qw8r,Medium,dompurify,3.2.6,npm,3.3.2,DOMPurify ADD_ATTR predicate skips URI validation,,
Flowise,grype,dependencies,GHSA-crv5-9vww-q3g8,Medium,dompurify,3.2.6,npm,3.4.0,DOMPurify has a SAFE_FOR_TEMPLATES bypass in RETURN_DOM mode,,
Flowise,grype,dependencies,GHSA-h7mw-gpvr-xq4m,Medium,dompurify,3.2.6,npm,3.4.0,DOMPurify: FORBID_TAGS bypassed by function-based ADD_TAGS predicate (asymmetry with FORBID_ATTR fix),,
Flowise,grype,dependencies,GHSA-h8r8-wccr-v5f2,Medium,dompurify,3.2.6,npm,3.3.2,DOMPurify is vulnerable to mutation-XSS via Re-Contextualization,,
Flowise,grype,dependencies,GHSA-v9jr-rg53-9pgp,Medium,dompurify,3.2.6,npm,3.4.0,DOMPurify: Prototype Pollution to XSS Bypass via CUSTOM_ELEMENT_HANDLING Fallback,,
Flowise,grype,dependencies,GHSA-39q2-94rc-95cp,Medium,dompurify,3.3.3,npm,3.4.0,DOMPurify's ADD_TAGS function form bypasses FORBID_TAGS due to short-circuit evaluation,,
Flowise,grype,dependencies,GHSA-crv5-9vww-q3g8,Medium,dompurify,3.3.3,npm,3.4.0,DOMPurify has a SAFE_FOR_TEMPLATES bypass in RETURN_DOM mode,,
Flowise,grype,dependencies,GHSA-h7mw-gpvr-xq4m,Medium,dompurify,3.3.3,npm,3.4.0,DOMPurify: FORBID_TAGS bypassed by function-based ADD_TAGS predicate (asymmetry with FORBID_ATTR fix),,
Flowise,grype,dependencies,GHSA-v9jr-rg53-9pgp,Medium,dompurify,3.3.3,npm,3.4.0,DOMPurify: Prototype Pollution to XSS Bypass via CUSTOM_ELEMENT_HANDLING Fallback,,
Flowise,grype,dependencies,GHSA-67mh-4wv8-2f99,Medium,esbuild,0.18.20,npm,0.25.0,esbuild enables any website to send any requests to the development server and read the response,,
Flowise,grype,dependencies,GHSA-67mh-4wv8-2f99,Medium,esbuild,0.19.12,npm,0.25.0,esbuild enables any website to send any requests to the development server and read the response,,
Flowise,grype,dependencies,GHSA-gh4j-gqv2-49f6,Medium,fast-xml-parser,4.2.5,npm,5.7.0,fast-xml-parser XMLBuilder: XML Comment and CDATA Injection via Unescaped Delimiters,,
Flowise,grype,dependencies,GHSA-gh4j-gqv2-49f6,Medium,fast-xml-parser,4.4.1,npm,5.7.0,fast-xml-parser XMLBuilder: XML Comment and CDATA Injection via Unescaped Delimiters,,
Flowise,grype,dependencies,GHSA-gh4j-gqv2-49f6,Medium,fast-xml-parser,5.2.5,npm,5.7.0,fast-xml-parser XMLBuilder: XML Comment and CDATA Injection via Unescaped Delimiters,,
Flowise,grype,dependencies,GHSA-gh4j-gqv2-49f6,Medium,fast-xml-parser,5.4.1,npm,5.7.0,fast-xml-parser XMLBuilder: XML Comment and CDATA Injection via Unescaped Delimiters,,
Flowise,grype,dependencies,GHSA-r4q5-vmmm-2653,Medium,follow-redirects,1.15.6,npm,1.16.0,follow-redirects leaks Custom Authentication Headers to Cross-Domain Redirect Targets,,
Flowise,grype,dependencies,GHSA-7rx3-28cr-v5wh,Medium,handlebars,4.7.8,npm,4.7.9,Handlebars.js has a Prototype Method Access Control Gap via Missing __lookupSetter__ Blocklist Entry,,
Flowise,grype,dependencies,GHSA-rr7j-v2q5-chgv,Medium,langsmith,0.2.8,npm,0.5.19,LangSmith SDK: Streaming token events bypass output redaction,,
Flowise,grype,dependencies,GHSA-rr7j-v2q5-chgv,Medium,langsmith,0.3.34,npm,0.5.19,LangSmith SDK: Streaming token events bypass output redaction,,
Flowise,grype,dependencies,GHSA-rr7j-v2q5-chgv,Medium,langsmith,0.4.12,npm,0.5.19,LangSmith SDK: Streaming token events bypass output redaction,,
Flowise,grype,dependencies,GHSA-rr7j-v2q5-chgv,Medium,langsmith,0.5.7,npm,0.5.19,LangSmith SDK: Streaming token events bypass output redaction,,
Flowise,grype,dependencies,GHSA-vvjj-xcjg-gr5g,Medium,nodemailer,7.0.11,npm,8.0.5,Nodemailer Vulnerable to SMTP Command Injection via CRLF in Transport name Option (EHLO/HELO),,
Flowise,grype,dependencies,GHSA-w5hq-g745-h8pq,Medium,uuid,10.0.0,npm,14.0.0,uuid: Missing buffer bounds check in v3/v5/v6 when buf is provided,,
Flowise,grype,dependencies,GHSA-w5hq-g745-h8pq,Medium,uuid,3.4.0,npm,14.0.0,uuid: Missing buffer bounds check in v3/v5/v6 when buf is provided,,
Flowise,grype,dependencies,GHSA-6475-r3vj-m8vf,Low,@smithy/config-resolver,2.1.5,npm,4.4.0,AWS SDK for JavaScript v3 adopted defense in depth enhancement for region parameter value,,
Flowise,grype,dependencies,GHSA-6475-r3vj-m8vf,Low,@smithy/config-resolver,4.0.1,npm,4.4.0,AWS SDK for JavaScript v3 adopted defense in depth enhancement for region parameter value,,
Flowise,grype,dependencies,GHSA-6475-r3vj-m8vf,Low,@smithy/config-resolver,4.1.4,npm,4.4.0,AWS SDK for JavaScript v3 adopted defense in depth enhancement for region parameter value,,
Flowise,grype,dependencies,GHSA-6475-r3vj-m8vf,Low,@smithy/config-resolver,4.1.5,npm,4.4.0,AWS SDK for JavaScript v3 adopted defense in depth enhancement for region parameter value,,
Flowise,grype,dependencies,GHSA-442j-39wm-28r2,Low,handlebars,4.7.8,npm,4.7.9,Handlebars.js has a Property Access Validation Bypass in container.lookup,,
Flowise,grype,dependencies,GHSA-c7w3-x93f-qmm8,Low,nodemailer,7.0.11,npm,8.0.4,Nodemailer has SMTP command injection due to unsanitized `envelope.size` parameter,,
Flowise,codeql,source,js/incomplete-multi-character-sanitization,7.8,,,,,"This string may still contain [<script](1), which may cause an HTML element injection vulnerability.",packages/components/nodes/tools/MCP/Pipedream/PipedreamMCP.ts,285
Flowise,codeql,source,js/incomplete-sanitization,7.8,,,,,This replaces only the first occurrence of '\]'.,packages/components/nodes/sequentialagents/commonUtils.ts,146
FlowiseChatEmbed,grype,dependencies,GHSA-fjxv-7rqg-78g4,Critical,form-data,4.0.1,npm,4.0.4,form-data uses unsafe random function in form-data for choosing boundary,,
FlowiseChatEmbed,grype,dependencies,GHSA-fjxv-7rqg-78g4,Critical,form-data,4.0.1,npm,4.0.4,form-data uses unsafe random function in form-data for choosing boundary,,
FlowiseChatEmbed,grype,dependencies,GHSA-g5hg-p3ph-g8qg,High,multer,1.4.5-lts.1,npm,2.0.1,Multer vulnerable to Denial of Service via unhandled exception,,
FlowiseChatEmbed,grype,dependencies,GHSA-g5hg-p3ph-g8qg,High,multer,1.4.5-lts.1,npm,2.0.1,Multer vulnerable to Denial of Service via unhandled exception,,
FlowiseChatEmbed,grype,dependencies,GHSA-jr5f-v2jv-69x6,High,axios,1.7.7,npm,1.8.2,axios Requests Vulnerable To Possible SSRF and Credential Leakage via Absolute URL,,
FlowiseChatEmbed,grype,dependencies,GHSA-jr5f-v2jv-69x6,High,axios,1.7.7,npm,1.8.2,axios Requests Vulnerable To Possible SSRF and Credential Leakage via Absolute URL,,
FlowiseChatEmbed,grype,dependencies,GHSA-rhx6-c78j-4q9w,High,path-to-regexp,0.1.10,npm,0.1.12,path-to-regexp contains a ReDoS,,
FlowiseChatEmbed,grype,dependencies,GHSA-rhx6-c78j-4q9w,High,path-to-regexp,0.1.10,npm,0.1.12,path-to-regexp contains a ReDoS,,
FlowiseChatEmbed,grype,dependencies,GHSA-hj76-42vx-jwp4,High,seroval,0.5.1,npm,1.4.1,seroval Affected by Prototype Pollution via JSON Deserialization,,
FlowiseChatEmbed,grype,dependencies,GHSA-hj76-42vx-jwp4,High,seroval,0.5.1,npm,1.4.1,seroval Affected by Prototype Pollution via JSON Deserialization,,
FlowiseChatEmbed,grype,dependencies,GHSA-44fp-w29j-9vj5,High,multer,1.4.5-lts.1,npm,2.0.0,Multer vulnerable to Denial of Service via memory leaks from unclosed streams,,
FlowiseChatEmbed,grype,dependencies,GHSA-44fp-w29j-9vj5,High,multer,1.4.5-lts.1,npm,2.0.0,Multer vulnerable to Denial of Service via memory leaks from unclosed streams,,
FlowiseChatEmbed,grype,dependencies,GHSA-4hjh-wcwx-xvwj,High,axios,1.7.7,npm,1.12.0,Axios is vulnerable to DoS attack through lack of data size check,,
FlowiseChatEmbed,grype,dependencies,GHSA-4hjh-wcwx-xvwj,High,axios,1.7.7,npm,1.12.0,Axios is vulnerable to DoS attack through lack of data size check,,
FlowiseChatEmbed,grype,dependencies,GHSA-67hx-6x53-jw92,Critical,@babel/traverse,7.23.0,npm,7.23.2,Babel vulnerable to arbitrary code execution when compiling specifically crafted malicious code,,
FlowiseChatEmbed,grype,dependencies,GHSA-67hx-6x53-jw92,Critical,@babel/traverse,7.23.0,npm,7.23.2,Babel vulnerable to arbitrary code execution when compiling specifically crafted malicious code,,
FlowiseChatEmbed,grype,dependencies,GHSA-3rxj-6cgf-8cfw,High,seroval,0.5.1,npm,1.4.1,seroval Affected by Remote Code Execution via JSON Deserialization,,
FlowiseChatEmbed,grype,dependencies,GHSA-3rxj-6cgf-8cfw,High,seroval,0.5.1,npm,1.4.1,seroval Affected by Remote Code Execution via JSON Deserialization,,
FlowiseChatEmbed,grype,dependencies,GHSA-3qxh-p7jc-5xh6,High,solid-js,1.7.1,npm,1.9.4,Solid Lacks Escaping of HTML in JSX Fragments allows for Cross-Site Scripting (XSS),,
FlowiseChatEmbed,grype,dependencies,GHSA-3qxh-p7jc-5xh6,High,solid-js,1.7.1,npm,1.9.4,Solid Lacks Escaping of HTML in JSX Fragments allows for Cross-Site Scripting (XSS),,
FlowiseChatEmbed,grype,dependencies,GHSA-5528-5vmv-3xc2,High,multer,1.4.5-lts.1,npm,2.1.1,Multer Vulnerable to Denial of Service via Uncontrolled Recursion,,
FlowiseChatEmbed,grype,dependencies,GHSA-5528-5vmv-3xc2,High,multer,1.4.5-lts.1,npm,2.1.1,Multer Vulnerable to Denial of Service via Uncontrolled Recursion,,
FlowiseChatEmbed,grype,dependencies,GHSA-3xgq-45jj-v275,High,cross-spawn,7.0.3,npm,7.0.5,Regular Expression Denial of Service (ReDoS) in cross-spawn,,
FlowiseChatEmbed,grype,dependencies,GHSA-968p-4wvh-cqc8,Medium,@babel/helpers,7.23.1,npm,7.26.10,Babel has inefficient RegExp complexity in generated code with .replace when transpiling named capturing groups,,
FlowiseChatEmbed,grype,dependencies,GHSA-968p-4wvh-cqc8,Medium,@babel/helpers,7.23.1,npm,7.26.10,Babel has inefficient RegExp complexity in generated code with .replace when transpiling named capturing groups,,
FlowiseChatEmbed,grype,dependencies,GHSA-43fc-jf86-j433,High,axios,1.7.7,npm,1.13.5,Axios is Vulnerable to Denial of Service via __proto__ Key in mergeConfig,,
FlowiseChatEmbed,grype,dependencies,GHSA-43fc-jf86-j433,High,axios,1.7.7,npm,1.13.5,Axios is Vulnerable to Denial of Service via __proto__ Key in mergeConfig,,
FlowiseChatEmbed,grype,dependencies,GHSA-37ch-88jc-xwx2,High,path-to-regexp,0.1.10,npm,0.1.13,path-to-regexp vulnerable to Regular Expression Denial of Service via multiple route parameters,,
FlowiseChatEmbed,grype,dependencies,GHSA-37ch-88jc-xwx2,High,path-to-regexp,0.1.10,npm,0.1.13,path-to-regexp vulnerable to Regular Expression Denial of Service via multiple route parameters,,
FlowiseChatEmbed,grype,dependencies,GHSA-r5fr-rjxr-66jc,High,lodash,4.17.21,npm,4.18.0,lodash vulnerable to Code Injection via `_.template` imports key names,,
FlowiseChatEmbed,grype,dependencies,GHSA-r5fr-rjxr-66jc,High,lodash,4.17.21,npm,4.18.0,lodash vulnerable to Code Injection via `_.template` imports key names,,
FlowiseChatEmbed,grype,dependencies,GHSA-4pg4-qvpc-4q3h,High,multer,1.4.5-lts.1,npm,2.0.0,Multer vulnerable to Denial of Service from maliciously crafted requests,,
FlowiseChatEmbed,grype,dependencies,GHSA-4pg4-qvpc-4q3h,High,multer,1.4.5-lts.1,npm,2.0.0,Multer vulnerable to Denial of Service from maliciously crafted requests,,
FlowiseChatEmbed,grype,dependencies,GHSA-6rw7-vpxm-498p,Medium,qs,6.13.0,npm,6.14.1,qs's arrayLimit bypass in its bracket notation allows DoS via memory exhaustion,,
FlowiseChatEmbed,grype,dependencies,GHSA-6rw7-vpxm-498p,Medium,qs,6.13.0,npm,6.14.1,qs's arrayLimit bypass in its bracket notation allows DoS via memory exhaustion,,
FlowiseChatEmbed,grype,dependencies,GHSA-3p68-rc4w-qgx5,Medium,axios,1.7.7,npm,1.15.0,Axios has a NO_PROXY Hostname Normalization Bypass that Leads to SSRF,,
FlowiseChatEmbed,grype,dependencies,GHSA-3p68-rc4w-qgx5,Medium,axios,1.7.7,npm,1.15.0,Axios has a NO_PROXY Hostname Normalization Bypass that Leads to SSRF,,
FlowiseChatEmbed,grype,dependencies,GHSA-3j22-8qj3-26mx,High,seroval,0.5.1,npm,1.4.1,Seroval affected by Denial of Service via Deeply Nested Objects,,
FlowiseChatEmbed,grype,dependencies,GHSA-3j22-8qj3-26mx,High,seroval,0.5.1,npm,1.4.1,Seroval affected by Denial of Service via Deeply Nested Objects,,
FlowiseChatEmbed,grype,dependencies,GHSA-66fc-rw6m-c2q6,High,seroval,0.5.1,npm,1.4.1,Seroval affected by Denial of Service via Array serialization,,
FlowiseChatEmbed,grype,dependencies,GHSA-66fc-rw6m-c2q6,High,seroval,0.5.1,npm,1.4.1,Seroval affected by Denial of Service via Array serialization,,
FlowiseChatEmbed,grype,dependencies,GHSA-hx9m-jf43-8ffr,High,seroval,0.5.1,npm,1.4.1,seroval affected by Denial of Service via RegExp serialization,,
FlowiseChatEmbed,grype,dependencies,GHSA-hx9m-jf43-8ffr,High,seroval,0.5.1,npm,1.4.1,seroval affected by Denial of Service via RegExp serialization,,
FlowiseChatEmbed,grype,dependencies,GHSA-xxjr-mmjv-4gpg,Medium,lodash,4.17.21,npm,4.17.23,Lodash has Prototype Pollution Vulnerability in `_.unset` and `_.omit` functions,,
FlowiseChatEmbed,grype,dependencies,GHSA-xxjr-mmjv-4gpg,Medium,lodash,4.17.21,npm,4.17.23,Lodash has Prototype Pollution Vulnerability in `_.unset` and `_.omit` functions,,
FlowiseChatEmbed,grype,dependencies,GHSA-w7fw-mjwx-w883,Low,qs,6.13.0,npm,6.14.2,qs's arrayLimit bypass in comma parsing allows denial of service,,
FlowiseChatEmbed,grype,dependencies,GHSA-w7fw-mjwx-w883,Low,qs,6.13.0,npm,6.14.2,qs's arrayLimit bypass in comma parsing allows denial of service,,
FlowiseChatEmbed,grype,dependencies,GHSA-v52c-386h-88mc,High,multer,1.4.5-lts.1,npm,2.1.0,Multer vulnerable to Denial of Service via resource exhaustion,,
FlowiseChatEmbed,grype,dependencies,GHSA-v52c-386h-88mc,High,multer,1.4.5-lts.1,npm,2.1.0,Multer vulnerable to Denial of Service via resource exhaustion,,
FlowiseChatEmbed,grype,dependencies,GHSA-xf7r-hgr6-v32p,High,multer,1.4.5-lts.1,npm,2.1.0,Multer vulnerable to Denial of Service via incomplete cleanup,,
FlowiseChatEmbed,grype,dependencies,GHSA-xf7r-hgr6-v32p,High,multer,1.4.5-lts.1,npm,2.1.0,Multer vulnerable to Denial of Service via incomplete cleanup,,
FlowiseChatEmbed,grype,dependencies,GHSA-fvcv-3m26-pcqx,Medium,axios,1.7.7,npm,1.15.0,Axios has Unrestricted Cloud Metadata Exfiltration via Header Injection Chain,,
FlowiseChatEmbed,grype,dependencies,GHSA-fvcv-3m26-pcqx,Medium,axios,1.7.7,npm,1.15.0,Axios has Unrestricted Cloud Metadata Exfiltration via Header Injection Chain,,
FlowiseChatEmbed,grype,dependencies,GHSA-f23m-r3pf-42rh,Medium,lodash,4.17.21,npm,4.18.0,lodash vulnerable to Prototype Pollution via array path bypass in `_.unset` and `_.omit`,,
FlowiseChatEmbed,grype,dependencies,GHSA-f23m-r3pf-42rh,Medium,lodash,4.17.21,npm,4.18.0,lodash vulnerable to Prototype Pollution via array path bypass in `_.unset` and `_.omit`,,
FlowiseChatEmbed,grype,dependencies,GHSA-fjgf-rc76-4x9p,High,multer,1.4.5-lts.1,npm,2.0.2,Multer vulnerable to Denial of Service via unhandled exception from malformed request,,
FlowiseChatEmbed,grype,dependencies,GHSA-fjgf-rc76-4x9p,High,multer,1.4.5-lts.1,npm,2.0.2,Multer vulnerable to Denial of Service via unhandled exception from malformed request,,
FlowiseChatEmbed,grype,dependencies,GHSA-39q2-94rc-95cp,Medium,dompurify,3.3.2,npm,3.4.0,DOMPurify's ADD_TAGS function form bypasses FORBID_TAGS due to short-circuit evaluation,,
FlowiseChatEmbed,grype,dependencies,GHSA-39q2-94rc-95cp,Medium,dompurify,3.3.2,npm,3.4.0,DOMPurify's ADD_TAGS function form bypasses FORBID_TAGS due to short-circuit evaluation,,
FlowiseChatEmbed,grype,dependencies,GHSA-crv5-9vww-q3g8,Medium,dompurify,3.3.2,npm,3.4.0,DOMPurify has a SAFE_FOR_TEMPLATES bypass in RETURN_DOM mode,,
FlowiseChatEmbed,grype,dependencies,GHSA-crv5-9vww-q3g8,Medium,dompurify,3.3.2,npm,3.4.0,DOMPurify has a SAFE_FOR_TEMPLATES bypass in RETURN_DOM mode,,
FlowiseChatEmbed,grype,dependencies,GHSA-h7mw-gpvr-xq4m,Medium,dompurify,3.3.2,npm,3.4.0,DOMPurify: FORBID_TAGS bypassed by function-based ADD_TAGS predicate (asymmetry with FORBID_ATTR fix),,
FlowiseChatEmbed,grype,dependencies,GHSA-h7mw-gpvr-xq4m,Medium,dompurify,3.3.2,npm,3.4.0,DOMPurify: FORBID_TAGS bypassed by function-based ADD_TAGS predicate (asymmetry with FORBID_ATTR fix),,
FlowiseChatEmbed,grype,dependencies,GHSA-v9jr-rg53-9pgp,Medium,dompurify,3.3.2,npm,3.4.0,DOMPurify: Prototype Pollution to XSS Bypass via CUSTOM_ELEMENT_HANDLING Fallback,,
FlowiseChatEmbed,grype,dependencies,GHSA-v9jr-rg53-9pgp,Medium,dompurify,3.3.2,npm,3.4.0,DOMPurify: Prototype Pollution to XSS Bypass via CUSTOM_ELEMENT_HANDLING Fallback,,
FlowiseChatEmbed,grype,dependencies,GHSA-r4q5-vmmm-2653,Medium,follow-redirects,1.15.9,npm,1.16.0,follow-redirects leaks Custom Authentication Headers to Cross-Domain Redirect Targets,,
FlowiseChatEmbed,grype,dependencies,GHSA-r4q5-vmmm-2653,Medium,follow-redirects,1.15.9,npm,1.16.0,follow-redirects leaks Custom Authentication Headers to Cross-Domain Redirect Targets,,
FlowiseEmbedReact,grype,dependencies,GHSA-4r4m-qw57-chr8,Medium,vite,4.4.9,npm,4.5.11,Vite has a `server.fs.deny` bypassed for `inline` and `raw` with `?import` query,,
FlowiseEmbedReact,grype,dependencies,GHSA-x574-m823-4x7w,Medium,vite,4.4.9,npm,4.5.10,Vite bypasses server.fs.deny when using ?raw??,,
FlowiseEmbedReact,grype,dependencies,GHSA-92r3-m2mg-pj97,Medium,vite,4.4.9,npm,4.4.12,Vite XSS vulnerability in `server.transformIndexHtml` via URL payload,,
FlowiseEmbedReact,grype,dependencies,GHSA-gcx4-mw62-g8wm,High,rollup,3.20.2,npm,3.29.5,DOM Clobbering Gadget found in rollup bundled scripts that leads to XSS,,
FlowiseEmbedReact,grype,dependencies,GHSA-gcx4-mw62-g8wm,High,rollup,3.29.3,npm,3.29.5,DOM Clobbering Gadget found in rollup bundled scripts that leads to XSS,,
FlowiseEmbedReact,grype,dependencies,GHSA-xcj6-pq6g-qj4x,Medium,vite,4.4.9,npm,4.5.12,Vite allows server.fs.deny to be bypassed with .svg or relative paths,,
FlowiseEmbedReact,grype,dependencies,GHSA-qwcr-r2fm-qrc7,High,body-parser,1.20.1,npm,1.20.3,body-parser vulnerable to denial of service when url encoding is enabled,,
FlowiseEmbedReact,grype,dependencies,GHSA-4w7w-66w2-5vf9,Medium,vite,4.4.9,npm,6.4.2,Vite Vulnerable to Path Traversal in Optimized Deps `.map` Handling,,
FlowiseEmbedReact,grype,dependencies,GHSA-859w-5945-r5v3,Medium,vite,4.4.9,npm,4.5.14,Vite's server.fs.deny bypassed with /. for files under project root,,
FlowiseEmbedReact,grype,dependencies,GHSA-g4jq-h2w9-997c,Low,vite,4.4.9,npm,5.4.20,Vite middleware may serve files starting with the same name with the public directory,,
FlowiseEmbedReact,grype,dependencies,GHSA-c24v-8rfc-w8vw,High,vite,4.4.9,npm,4.5.2,Vite dev server option `server.fs.deny` can be bypassed when hosted on case-insensitive filesystem,,
FlowiseEmbedReact,grype,dependencies,GHSA-mw96-cpmx-2vgc,High,rollup,3.20.2,npm,3.30.0,Rollup 4 has Arbitrary File Write via Path Traversal,,
FlowiseEmbedReact,grype,dependencies,GHSA-mw96-cpmx-2vgc,High,rollup,3.29.3,npm,3.30.0,Rollup 4 has Arbitrary File Write via Path Traversal,,
FlowiseEmbedReact,grype,dependencies,GHSA-cm22-4g7w-348p,Low,serve-static,1.15.0,npm,1.16.0,serve-static vulnerable to template injection that can lead to XSS,,
FlowiseEmbedReact,grype,dependencies,GHSA-g5hg-p3ph-g8qg,High,multer,1.4.5-lts.2,npm,2.0.1,Multer vulnerable to Denial of Service via unhandled exception,,
FlowiseEmbedReact,grype,dependencies,GHSA-rhx6-c78j-4q9w,High,path-to-regexp,0.1.7,npm,0.1.12,path-to-regexp contains a ReDoS,,
FlowiseEmbedReact,grype,dependencies,GHSA-hj76-42vx-jwp4,High,seroval,0.5.1,npm,1.4.1,seroval Affected by Prototype Pollution via JSON Deserialization,,
FlowiseEmbedReact,grype,dependencies,GHSA-grv7-fg5c-xmjg,High,braces,3.0.2,npm,3.0.3,Uncontrolled resource consumption in braces,,
FlowiseEmbedReact,grype,dependencies,GHSA-64vr-g452-qvp3,Medium,vite,4.4.9,npm,4.5.4,Vite DOM Clobbering gadget found in vite bundled scripts that leads to XSS,,
FlowiseEmbedReact,grype,dependencies,GHSA-44fp-w29j-9vj5,High,multer,1.4.5-lts.2,npm,2.0.0,Multer vulnerable to Denial of Service via memory leaks from unclosed streams,,
FlowiseEmbedReact,grype,dependencies,GHSA-8jhw-289h-jh2g,Medium,vite,4.4.9,npm,4.5.3,Vite's `server.fs.deny` did not deny requests for patterns with directories.,,
FlowiseEmbedReact,grype,dependencies,GHSA-7fh5-64p2-3v2j,Medium,postcss,8.4.30,npm,8.4.31,PostCSS line return parsing error,,
FlowiseEmbedReact,grype,dependencies,GHSA-356w-63v5-8wf4,Medium,vite,4.4.9,npm,4.5.13,Vite has an `server.fs.deny` bypass with an invalid `request-target`,,
FlowiseEmbedReact,grype,dependencies,GHSA-rv95-896h-c2vc,Medium,express,4.18.2,npm,4.19.2,Express.js Open Redirect in malformed URLs,,
FlowiseEmbedReact,grype,dependencies,GHSA-67hx-6x53-jw92,Critical,@babel/traverse,7.23.0,npm,7.23.2,Babel vulnerable to arbitrary code execution when compiling specifically crafted malicious code,,
FlowiseEmbedReact,grype,dependencies,GHSA-3rxj-6cgf-8cfw,High,seroval,0.5.1,npm,1.4.1,seroval Affected by Remote Code Execution via JSON Deserialization,,
FlowiseEmbedReact,grype,dependencies,GHSA-3qxh-p7jc-5xh6,High,solid-js,1.7.1,npm,1.9.4,Solid Lacks Escaping of HTML in JSX Fragments allows for Cross-Site Scripting (XSS),,
FlowiseEmbedReact,grype,dependencies,GHSA-952p-6rrq-rcjv,Medium,micromatch,4.0.5,npm,4.0.8,Regular Expression Denial of Service (ReDoS) in micromatch,,
FlowiseEmbedReact,grype,dependencies,GHSA-pxg6-pf52-xh8x,Low,cookie,0.5.0,npm,0.7.0,"cookie accepts cookie name, path, and domain with out of bounds characters",,
FlowiseEmbedReact,grype,dependencies,GHSA-m6fv-jmcg-4jfg,Low,send,0.18.0,npm,0.19.0,send vulnerable to template injection that can lead to XSS,,
FlowiseEmbedReact,grype,dependencies,GHSA-vg6x-rcgg-rjx6,Medium,vite,4.4.9,npm,4.5.6,Websites were able to send any requests to the development server and read the response in vite,,
FlowiseEmbedReact,grype,dependencies,GHSA-5528-5vmv-3xc2,High,multer,1.4.5-lts.2,npm,2.1.1,Multer Vulnerable to Denial of Service via Uncontrolled Recursion,,
FlowiseEmbedReact,grype,dependencies,GHSA-3xgq-45jj-v275,High,cross-spawn,7.0.3,npm,7.0.5,Regular Expression Denial of Service (ReDoS) in cross-spawn,,
FlowiseEmbedReact,grype,dependencies,GHSA-mwcw-c2x4-8c55,Medium,nanoid,3.3.6,npm,3.3.8,Predictable results in nanoid generation when given non-integer values,,
FlowiseEmbedReact,grype,dependencies,GHSA-9wv6-86v2-598j,High,path-to-regexp,0.1.7,npm,0.1.10,path-to-regexp outputs backtracking regular expressions,,
FlowiseEmbedReact,grype,dependencies,GHSA-968p-4wvh-cqc8,Medium,@babel/helpers,7.23.1,npm,7.26.10,Babel has inefficient RegExp complexity in generated code with .replace when transpiling named capturing groups,,
FlowiseEmbedReact,grype,dependencies,GHSA-968p-4wvh-cqc8,Medium,@babel/runtime,7.23.1,npm,7.26.10,Babel has inefficient RegExp complexity in generated code with .replace when transpiling named capturing groups,,
FlowiseEmbedReact,grype,dependencies,GHSA-qw6h-vgh9-j6wx,Low,express,4.18.2,npm,4.20.0,express vulnerable to XSS via response.redirect(),,
FlowiseEmbedReact,grype,dependencies,GHSA-37ch-88jc-xwx2,High,path-to-regexp,0.1.12,npm,0.1.13,path-to-regexp vulnerable to Regular Expression Denial of Service via multiple route parameters,,
FlowiseEmbedReact,grype,dependencies,GHSA-37ch-88jc-xwx2,High,path-to-regexp,0.1.12,npm,0.1.13,path-to-regexp vulnerable to Regular Expression Denial of Service via multiple route parameters,,
FlowiseEmbedReact,grype,dependencies,GHSA-37ch-88jc-xwx2,High,path-to-regexp,0.1.7,npm,0.1.13,path-to-regexp vulnerable to Regular Expression Denial of Service via multiple route parameters,,
FlowiseEmbedReact,grype,dependencies,GHSA-r5fr-rjxr-66jc,High,lodash,4.17.23,npm,4.18.0,lodash vulnerable to Code Injection via `_.template` imports key names,,
FlowiseEmbedReact,grype,dependencies,GHSA-4pg4-qvpc-4q3h,High,multer,1.4.5-lts.2,npm,2.0.0,Multer vulnerable to Denial of Service from maliciously crafted requests,,
FlowiseEmbedReact,grype,dependencies,GHSA-6rw7-vpxm-498p,Medium,qs,6.11.0,npm,6.14.1,qs's arrayLimit bypass in its bracket notation allows DoS via memory exhaustion,,
FlowiseEmbedReact,grype,dependencies,GHSA-6rw7-vpxm-498p,Medium,qs,6.13.0,npm,6.14.1,qs's arrayLimit bypass in its bracket notation allows DoS via memory exhaustion,,
FlowiseEmbedReact,grype,dependencies,GHSA-3v7f-55p6-f55p,Medium,picomatch,2.3.1,npm,2.3.2,Picomatch: Method Injection in POSIX Character Classes causes incorrect Glob Matching,,
FlowiseEmbedReact,grype,dependencies,GHSA-3p68-rc4w-qgx5,Medium,axios,1.13.6,npm,1.15.0,Axios has a NO_PROXY Hostname Normalization Bypass that Leads to SSRF,,
FlowiseEmbedReact,grype,dependencies,GHSA-3j22-8qj3-26mx,High,seroval,0.5.1,npm,1.4.1,Seroval affected by Denial of Service via Deeply Nested Objects,,
FlowiseEmbedReact,grype,dependencies,GHSA-66fc-rw6m-c2q6,High,seroval,0.5.1,npm,1.4.1,Seroval affected by Denial of Service via Array serialization,,
FlowiseEmbedReact,grype,dependencies,GHSA-hx9m-jf43-8ffr,High,seroval,0.5.1,npm,1.4.1,seroval affected by Denial of Service via RegExp serialization,,
FlowiseEmbedReact,grype,dependencies,GHSA-w7fw-mjwx-w883,Low,qs,6.11.0,npm,6.14.2,qs's arrayLimit bypass in comma parsing allows denial of service,,
FlowiseEmbedReact,grype,dependencies,GHSA-w7fw-mjwx-w883,Low,qs,6.13.0,npm,6.14.2,qs's arrayLimit bypass in comma parsing allows denial of service,,
FlowiseEmbedReact,grype,dependencies,GHSA-v52c-386h-88mc,High,multer,1.4.5-lts.2,npm,2.1.0,Multer vulnerable to Denial of Service via resource exhaustion,,
FlowiseEmbedReact,grype,dependencies,GHSA-xf7r-hgr6-v32p,High,multer,1.4.5-lts.2,npm,2.1.0,Multer vulnerable to Denial of Service via incomplete cleanup,,
FlowiseEmbedReact,grype,dependencies,GHSA-fvcv-3m26-pcqx,Medium,axios,1.13.6,npm,1.15.0,Axios has Unrestricted Cloud Metadata Exfiltration via Header Injection Chain,,
FlowiseEmbedReact,grype,dependencies,GHSA-c2c7-rcm5-vvqj,High,picomatch,2.3.1,npm,2.3.2,Picomatch has a ReDoS vulnerability via extglob quantifiers,,
FlowiseEmbedReact,grype,dependencies,GHSA-f23m-r3pf-42rh,Medium,lodash,4.17.23,npm,4.18.0,lodash vulnerable to Prototype Pollution via array path bypass in `_.unset` and `_.omit`,,
FlowiseEmbedReact,grype,dependencies,GHSA-9cwx-2883-4wfx,Medium,vite,4.4.9,npm,4.5.4,Vite's `server.fs.deny` is bypassed when using `?import&raw`,,
FlowiseEmbedReact,grype,dependencies,GHSA-fjgf-rc76-4x9p,High,multer,1.4.5-lts.2,npm,2.0.2,Multer vulnerable to Denial of Service via unhandled exception from malformed request,,
FlowiseEmbedReact,grype,dependencies,GHSA-jqfw-vq24-v9c3,Low,vite,4.4.9,npm,5.4.20,Vite's `server.fs` settings were not applied to HTML files,,
FlowiseEmbedReact,grype,dependencies,GHSA-39q2-94rc-95cp,Medium,dompurify,3.3.3,npm,3.4.0,DOMPurify's ADD_TAGS function form bypasses FORBID_TAGS due to short-circuit evaluation,,
FlowiseEmbedReact,grype,dependencies,GHSA-crv5-9vww-q3g8,Medium,dompurify,3.3.3,npm,3.4.0,DOMPurify has a SAFE_FOR_TEMPLATES bypass in RETURN_DOM mode,,
FlowiseEmbedReact,grype,dependencies,GHSA-h7mw-gpvr-xq4m,Medium,dompurify,3.3.3,npm,3.4.0,DOMPurify: FORBID_TAGS bypassed by function-based ADD_TAGS predicate (asymmetry with FORBID_ATTR fix),,
FlowiseEmbedReact,grype,dependencies,GHSA-v9jr-rg53-9pgp,Medium,dompurify,3.3.3,npm,3.4.0,DOMPurify: Prototype Pollution to XSS Bypass via CUSTOM_ELEMENT_HANDLING Fallback,,
FlowiseEmbedReact,grype,dependencies,GHSA-67mh-4wv8-2f99,Medium,esbuild,0.18.20,npm,0.25.0,esbuild enables any website to send any requests to the development server and read the response,,
FlowiseEmbedReact,grype,dependencies,GHSA-r4q5-vmmm-2653,Medium,follow-redirects,1.15.11,npm,1.16.0,follow-redirects leaks Custom Authentication Headers to Cross-Domain Redirect Targets,,
Flowise,workflow-inspector,ci_cd,unpinned_action,medium,,,,,actions/checkout@v6.0.2,data/repos/Flowise/.github/workflows/docker-image-dockerhub.yml,30
Flowise,workflow-inspector,ci_cd,unpinned_action,medium,,,,,docker/setup-qemu-action@v4.0.0,data/repos/Flowise/.github/workflows/docker-image-dockerhub.yml,33
Flowise,workflow-inspector,ci_cd,unpinned_action,medium,,,,,docker/setup-buildx-action@v4.0.0,data/repos/Flowise/.github/workflows/docker-image-dockerhub.yml,36
Flowise,workflow-inspector,ci_cd,unpinned_action,medium,,,,,docker/login-action@v4,data/repos/Flowise/.github/workflows/docker-image-dockerhub.yml,39
Flowise,workflow-inspector,ci_cd,unpinned_action,medium,,,,,docker/build-push-action@v6.19.2,data/repos/Flowise/.github/workflows/docker-image-dockerhub.yml,48
Flowise,workflow-inspector,ci_cd,unpinned_action,medium,,,,,docker/build-push-action@v6.19.2,data/repos/Flowise/.github/workflows/docker-image-dockerhub.yml,63
Flowise,workflow-inspector,ci_cd,unpinned_action,medium,,,,,actions/checkout@v6.0.2,data/repos/Flowise/.github/workflows/docker-image-ecr.yml,43
Flowise,workflow-inspector,ci_cd,unpinned_action,medium,,,,,docker/setup-qemu-action@v4.0.0,data/repos/Flowise/.github/workflows/docker-image-ecr.yml,46
Flowise,workflow-inspector,ci_cd,unpinned_action,medium,,,,,docker/setup-buildx-action@v4.0.0,data/repos/Flowise/.github/workflows/docker-image-ecr.yml,49
Flowise,workflow-inspector,ci_cd,unpinned_action,medium,,,,,aws-actions/configure-aws-credentials@v6,data/repos/Flowise/.github/workflows/docker-image-ecr.yml,53
Flowise,workflow-inspector,ci_cd,unpinned_action,medium,,,,,aws-actions/amazon-ecr-login@v2,data/repos/Flowise/.github/workflows/docker-image-ecr.yml,69
Flowise,workflow-inspector,ci_cd,unpinned_action,medium,,,,,docker/build-push-action@v6.19.2,data/repos/Flowise/.github/workflows/docker-image-ecr.yml,75
Flowise,workflow-inspector,ci_cd,unpinned_action,medium,,,,,actions/checkout@v6,data/repos/Flowise/.github/workflows/main.yml,22
Flowise,workflow-inspector,ci_cd,unpinned_action,medium,,,,,pnpm/action-setup@v4,data/repos/Flowise/.github/workflows/main.yml,23
Flowise,workflow-inspector,ci_cd,unpinned_action,medium,,,,,actions/setup-node@v6,data/repos/Flowise/.github/workflows/main.yml,27
Flowise,workflow-inspector,ci_cd,unpinned_action,medium,,,,,cypress-io/github-action@v7.1.5,data/repos/Flowise/.github/workflows/main.yml,41
Flowise,workflow-inspector,ci_cd,unpinned_action,medium,,,,,cypress-io/github-action@v7.1.5,data/repos/Flowise/.github/workflows/main.yml,46
Flowise,workflow-inspector,ci_cd,unpinned_action,medium,,,,,actions/checkout@v6,data/repos/Flowise/.github/workflows/proprietary-path-guard.yml,38
Flowise,workflow-inspector,ci_cd,unpinned_action,medium,,,,,actions/checkout@v6,data/repos/Flowise/.github/workflows/publish-agentflow.yml,38
Flowise,workflow-inspector,ci_cd,unpinned_action,medium,,,,,pnpm/action-setup@v4,data/repos/Flowise/.github/workflows/publish-agentflow.yml,40
Flowise,workflow-inspector,ci_cd,unpinned_action,medium,,,,,actions/setup-node@v6,data/repos/Flowise/.github/workflows/publish-agentflow.yml,44
Flowise,workflow-inspector,ci_cd,unpinned_action,medium,,,,,actions/checkout@v6,data/repos/Flowise/.github/workflows/publish-agentflow.yml,103
Flowise,workflow-inspector,ci_cd,unpinned_action,medium,,,,,pnpm/action-setup@v4,data/repos/Flowise/.github/workflows/publish-agentflow.yml,105
Flowise,workflow-inspector,ci_cd,unpinned_action,medium,,,,,actions/setup-node@v6,data/repos/Flowise/.github/workflows/publish-agentflow.yml,109
Flowise,workflow-inspector,ci_cd,contents_write_permission,medium,,,,,contents: write,data/repos/Flowise/.github/workflows/publish-agentflow.yml,1
Flowise,workflow-inspector,ci_cd,unpinned_action,medium,,,,,actions/checkout@v6,data/repos/Flowise/.github/workflows/test_docker_build.yml,18
FlowiseChatEmbed,workflow-inspector,ci_cd,unpinned_action,medium,,,,,actions/create-github-app-token@v2,data/repos/FlowiseChatEmbed/.github/workflows/publish.yml,74
FlowiseChatEmbed,workflow-inspector,ci_cd,unpinned_action,medium,,,,,actions/checkout@v6,data/repos/FlowiseChatEmbed/.github/workflows/publish.yml,84
FlowiseChatEmbed,workflow-inspector,ci_cd,unpinned_action,medium,,,,,actions/checkout@v6,data/repos/FlowiseChatEmbed/.github/workflows/publish.yml,92
FlowiseChatEmbed,workflow-inspector,ci_cd,unpinned_action,medium,,,,,actions/setup-node@v6,data/repos/FlowiseChatEmbed/.github/workflows/publish.yml,100
FlowiseChatEmbed,workflow-inspector,ci_cd,unpinned_action,medium,,,,,actions/create-github-app-token@v2,data/repos/FlowiseChatEmbed/.github/workflows/publish.yml,221
FlowiseChatEmbed,workflow-inspector,ci_cd,unpinned_action,medium,,,,,actions/checkout@v6,data/repos/FlowiseChatEmbed/.github/workflows/publish.yml,231
FlowiseChatEmbed,workflow-inspector,ci_cd,unpinned_action,medium,,,,,actions/checkout@v6,data/repos/FlowiseChatEmbed/.github/workflows/publish.yml,239
FlowiseChatEmbed,workflow-inspector,ci_cd,unpinned_action,medium,,,,,actions/setup-node@v6,data/repos/FlowiseChatEmbed/.github/workflows/publish.yml,247
FlowiseChatEmbed,workflow-inspector,ci_cd,contents_write_permission,medium,,,,,contents: write,data/repos/FlowiseChatEmbed/.github/workflows/publish.yml,1
